{
  "symbols": [
    "0",
    "1",
    "2",
    "3",
    "4",
    "5",
    "6",
    "7",
    "8",
    "9",
    "+",
    "-",
    "*",
    "/",
    "=",
    "(",
    ")"
  ],
  "best_test_accuracy": 0.6189361702127659,
  "classification_report": {
    "0": {
      "precision": 0.5247524752475248,
      "recall": 0.7066666666666667,
      "f1-score": 0.6022727272727273,
      "support": 300.0
    },
    "1": {
      "precision": 0.3333333333333333,
      "recall": 0.33,
      "f1-score": 0.3316582914572864,
      "support": 300.0
    },
    "2": {
      "precision": 0.9615384615384616,
      "recall": 0.16666666666666666,
      "f1-score": 0.2840909090909091,
      "support": 300.0
    },
    "3": {
      "precision": 0.7192982456140351,
      "recall": 0.5466666666666666,
      "f1-score": 0.6212121212121212,
      "support": 300.0
    },
    "4": {
      "precision": 0.9191176470588235,
      "recall": 0.4166666666666667,
      "f1-score": 0.573394495412844,
      "support": 300.0
    },
    "5": {
      "precision": 0.32432432432432434,
      "recall": 0.92,
      "f1-score": 0.4795829713292789,
      "support": 300.0
    },
    "6": {
      "precision": 0.9090909090909091,
      "recall": 0.23333333333333334,
      "f1-score": 0.3713527851458886,
      "support": 300.0
    },
    "7": {
      "precision": 0.7761627906976745,
      "recall": 0.89,
      "f1-score": 0.8291925465838509,
      "support": 300.0
    },
    "8": {
      "precision": 0.918918918918919,
      "recall": 0.7933333333333333,
      "f1-score": 0.851520572450805,
      "support": 300.0
    },
    "9": {
      "precision": 0.46586345381526106,
      "recall": 0.7733333333333333,
      "f1-score": 0.581453634085213,
      "support": 300.0
    },
    "+": {
      "precision": 0.9735099337748344,
      "recall": 0.98,
      "f1-score": 0.9767441860465116,
      "support": 300.0
    },
    "-": {
      "precision": 0.4804964539007092,
      "recall": 0.9033333333333333,
      "f1-score": 0.6273148148148148,
      "support": 300.0
    },
    "*": {
      "precision": 0.9076923076923077,
      "recall": 0.3277777777777778,
      "f1-score": 0.4816326530612245,
      "support": 180.0
    },
    "/": {
      "precision": 1.0,
      "recall": 0.2,
      "f1-score": 0.3333333333333333,
      "support": 20.0
    },
    "=": {
      "precision": 0.6585365853658537,
      "recall": 0.45,
      "f1-score": 0.5346534653465347,
      "support": 300.0
    },
    "(": {
      "precision": 1.0,
      "recall": 0.7466666666666667,
      "f1-score": 0.8549618320610687,
      "support": 300.0
    },
    ")": {
      "precision": 0.9947368421052631,
      "recall": 0.63,
      "f1-score": 0.7714285714285715,
      "support": 300.0
    },
    "accuracy": 0.6189361702127659,
    "macro avg": {
      "precision": 0.7569042754398962,
      "recall": 0.5890849673202615,
      "f1-score": 0.5944588182431166,
      "support": 4700.0
    },
    "weighted avg": {
      "precision": 0.7385720697490199,
      "recall": 0.6189361702127659,
      "f1-score": 0.6128958981572799,
      "support": 4700.0
    }
  },
  "history": [
    {
      "epoch": 1,
      "train_loss": 2.2568220252621822,
      "train_acc": 0.30780114631046307,
      "test_loss": 2.728624627539452,
      "test_acc": 0.20659574468085107
    },
    {
      "epoch": 2,
      "train_loss": 1.8793217689974588,
      "train_acc": 0.43370344612580636,
      "test_loss": 2.828051573773648,
      "test_acc": 0.23574468085106384
    },
    {
      "epoch": 3,
      "train_loss": 1.6732477226824283,
      "train_acc": 0.5031535528429938,
      "test_loss": 2.6901872368061794,
      "test_acc": 0.355531914893617
    },
    {
      "epoch": 4,
      "train_loss": 1.5443284370455572,
      "train_acc": 0.5470394973500563,
      "test_loss": 1.8045388536757612,
      "test_acc": 0.4525531914893617
    },
    {
      "epoch": 5,
      "train_loss": 1.4234273101978214,
      "train_acc": 0.5848101872946594,
      "test_loss": 3.804830579554781,
      "test_acc": 0.2702127659574468
    },
    {
      "epoch": 6,
      "train_loss": 1.3255433289163499,
      "train_acc": 0.6106141634091945,
      "test_loss": 1.8882751769207893,
      "test_acc": 0.4136170212765957
    },
    {
      "epoch": 7,
      "train_loss": 1.2657532726890157,
      "train_acc": 0.6290798340487781,
      "test_loss": 3.910623537225926,
      "test_acc": 0.23127659574468085
    },
    {
      "epoch": 8,
      "train_loss": 1.2033085014617753,
      "train_acc": 0.6462984723854289,
      "test_loss": 1.547928951699683,
      "test_acc": 0.5051063829787235
    },
    {
      "epoch": 9,
      "train_loss": 1.1517948903335125,
      "train_acc": 0.6603036044029833,
      "test_loss": 2.077054098007527,
      "test_acc": 0.42638297872340425
    },
    {
      "epoch": 10,
      "train_loss": 1.1185454694900974,
      "train_acc": 0.6719345787668769,
      "test_loss": 1.2310786565821221,
      "test_acc": 0.6189361702127659
    }
  ]
}