{
  "symbols": [
    "0",
    "1",
    "2",
    "3",
    "4",
    "5",
    "6",
    "7",
    "8",
    "9",
    "+",
    "-",
    "*",
    "/",
    "=",
    "(",
    ")"
  ],
  "best_test_accuracy": 0.599203187250996,
  "classification_report": {
    "0": {
      "precision": 0.8592592592592593,
      "recall": 0.928,
      "f1-score": 0.8923076923076924,
      "support": 125.0
    },
    "1": {
      "precision": 0.9612403100775194,
      "recall": 0.992,
      "f1-score": 0.9763779527559056,
      "support": 125.0
    },
    "2": {
      "precision": 0.9705882352941176,
      "recall": 0.792,
      "f1-score": 0.8722466960352423,
      "support": 125.0
    },
    "3": {
      "precision": 0.9090909090909091,
      "recall": 0.96,
      "f1-score": 0.933852140077821,
      "support": 125.0
    },
    "4": {
      "precision": 0.7973856209150327,
      "recall": 0.976,
      "f1-score": 0.8776978417266187,
      "support": 125.0
    },
    "5": {
      "precision": 0.875,
      "recall": 0.896,
      "f1-score": 0.8853754940711462,
      "support": 125.0
    },
    "6": {
      "precision": 0.9256198347107438,
      "recall": 0.896,
      "f1-score": 0.9105691056910569,
      "support": 125.0
    },
    "7": {
      "precision": 0.9478260869565217,
      "recall": 0.872,
      "f1-score": 0.9083333333333333,
      "support": 125.0
    },
    "8": {
      "precision": 0.940677966101695,
      "recall": 0.888,
      "f1-score": 0.9135802469135802,
      "support": 125.0
    },
    "9": {
      "precision": 0.8974358974358975,
      "recall": 0.84,
      "f1-score": 0.8677685950413223,
      "support": 125.0
    },
    "+": {
      "precision": 0.9615384615384616,
      "recall": 0.2777777777777778,
      "f1-score": 0.43103448275862066,
      "support": 180.0
    },
    "-": {
      "precision": 0.16102564102564101,
      "recall": 0.8722222222222222,
      "f1-score": 0.27186147186147186,
      "support": 180.0
    },
    "*": {
      "precision": 0.96875,
      "recall": 0.17222222222222222,
      "f1-score": 0.29245283018867924,
      "support": 180.0
    },
    "/": {
      "precision": 1.0,
      "recall": 0.05555555555555555,
      "f1-score": 0.10526315789473684,
      "support": 180.0
    },
    "=": {
      "precision": 0.6575342465753424,
      "recall": 0.26666666666666666,
      "f1-score": 0.3794466403162055,
      "support": 180.0
    },
    "(": {
      "precision": 0.9166666666666666,
      "recall": 0.18333333333333332,
      "f1-score": 0.3055555555555556,
      "support": 180.0
    },
    ")": {
      "precision": 0.5487804878048781,
      "recall": 0.25,
      "f1-score": 0.3435114503816794,
      "support": 180.0
    },
    "accuracy": 0.599203187250996,
    "macro avg": {
      "precision": 0.8410835072619227,
      "recall": 0.6539869281045751,
      "f1-score": 0.6568961580535687,
      "support": 2510.0
    },
    "weighted avg": {
      "precision": 0.8263301616056535,
      "recall": 0.599203187250996,
      "f1-score": 0.6027913319746876,
      "support": 2510.0
    }
  },
  "history": [
    {
      "epoch": 1,
      "train_loss": 2.155084789447376,
      "train_acc": 0.20807248764415157,
      "test_loss": 2.001481996209498,
      "test_acc": 0.199203187250996
    },
    {
      "epoch": 2,
      "train_loss": 1.8765458004478568,
      "train_acc": 0.3182866556836903,
      "test_loss": 1.8056629726136348,
      "test_acc": 0.3458167330677291
    },
    {
      "epoch": 3,
      "train_loss": 1.6953879992690863,
      "train_acc": 0.4045304777594728,
      "test_loss": 1.7706508545286628,
      "test_acc": 0.2840637450199203
    },
    {
      "epoch": 4,
      "train_loss": 1.5273257171106103,
      "train_acc": 0.4729818780889621,
      "test_loss": 1.5645670942101346,
      "test_acc": 0.43266932270916336
    },
    {
      "epoch": 5,
      "train_loss": 1.397701851147207,
      "train_acc": 0.5407742998352554,
      "test_loss": 1.4603552551383516,
      "test_acc": 0.48685258964143424
    },
    {
      "epoch": 6,
      "train_loss": 1.296858077229935,
      "train_acc": 0.5621911037891268,
      "test_loss": 1.4940506725197293,
      "test_acc": 0.4294820717131474
    },
    {
      "epoch": 7,
      "train_loss": 1.2111762880297037,
      "train_acc": 0.593163097199341,
      "test_loss": 1.4029961334281709,
      "test_acc": 0.4932270916334661
    },
    {
      "epoch": 8,
      "train_loss": 1.1335022977392206,
      "train_acc": 0.6095551894563427,
      "test_loss": 1.3415895908477298,
      "test_acc": 0.48366533864541833
    },
    {
      "epoch": 9,
      "train_loss": 1.0514699620509265,
      "train_acc": 0.6427512355848435,
      "test_loss": 1.2705350825511126,
      "test_acc": 0.5462151394422311
    },
    {
      "epoch": 10,
      "train_loss": 1.00536321662796,
      "train_acc": 0.6560131795716639,
      "test_loss": 1.2682066589712622,
      "test_acc": 0.5119521912350598
    },
    {
      "epoch": 11,
      "train_loss": 0.9631604330543632,
      "train_acc": 0.6616968698517298,
      "test_loss": 1.2141316445225263,
      "test_acc": 0.5621513944223108
    },
    {
      "epoch": 12,
      "train_loss": 0.9254974138010078,
      "train_acc": 0.6731466227347611,
      "test_loss": 1.2456451798815176,
      "test_acc": 0.5430278884462152
    },
    {
      "epoch": 13,
      "train_loss": 0.9077918472949913,
      "train_acc": 0.6805601317957166,
      "test_loss": 1.1451468142855215,
      "test_acc": 0.5601593625498008
    },
    {
      "epoch": 14,
      "train_loss": 0.8716276415686631,
      "train_acc": 0.6911037891268533,
      "test_loss": 1.1851495038940612,
      "test_acc": 0.5677290836653387
    },
    {
      "epoch": 15,
      "train_loss": 0.8387186516254306,
      "train_acc": 0.7037891268533772,
      "test_loss": 1.0535638956434699,
      "test_acc": 0.599203187250996
    }
  ]
}