{
  "symbols": [
    "0",
    "1",
    "2",
    "3",
    "4",
    "5",
    "6",
    "7",
    "8",
    "9",
    "+",
    "-",
    "*",
    "/",
    "=",
    "(",
    ")"
  ],
  "best_test_accuracy": 0.6034960562779791,
  "classification_report": {
    "0": {
      "precision": 1.0,
      "recall": 0.12,
      "f1-score": 0.21428571428571427,
      "support": 300.0
    },
    "1": {
      "precision": 0.6676737160120846,
      "recall": 0.7366666666666667,
      "f1-score": 0.7004754358161648,
      "support": 300.0
    },
    "2": {
      "precision": 0.3916967509025271,
      "recall": 0.7233333333333334,
      "f1-score": 0.5081967213114754,
      "support": 300.0
    },
    "3": {
      "precision": 0.8191489361702128,
      "recall": 0.77,
      "f1-score": 0.7938144329896907,
      "support": 300.0
    },
    "4": {
      "precision": 0.5182926829268293,
      "recall": 0.5666666666666667,
      "f1-score": 0.5414012738853503,
      "support": 300.0
    },
    "5": {
      "precision": 0.8666666666666667,
      "recall": 0.3466666666666667,
      "f1-score": 0.49523809523809526,
      "support": 300.0
    },
    "6": {
      "precision": 1.0,
      "recall": 0.07666666666666666,
      "f1-score": 0.14241486068111456,
      "support": 300.0
    },
    "7": {
      "precision": 0.4656616415410385,
      "recall": 0.9553264604810997,
      "f1-score": 0.6261261261261262,
      "support": 291.0
    },
    "8": {
      "precision": 1.0,
      "recall": 0.15,
      "f1-score": 0.2608695652173913,
      "support": 300.0
    },
    "9": {
      "precision": 0.6176470588235294,
      "recall": 0.63,
      "f1-score": 0.6237623762376238,
      "support": 300.0
    },
    "+": {
      "precision": 0.5995475113122172,
      "recall": 0.8833333333333333,
      "f1-score": 0.7142857142857143,
      "support": 300.0
    },
    "-": {
      "precision": 0.5264084507042254,
      "recall": 0.9966666666666667,
      "f1-score": 0.6889400921658986,
      "support": 300.0
    },
    "*": {
      "precision": 0.8144796380090498,
      "recall": 1.0,
      "f1-score": 0.8977556109725686,
      "support": 180.0
    },
    "/": {
      "precision": 0.15873015873015872,
      "recall": 1.0,
      "f1-score": 0.273972602739726,
      "support": 20.0
    },
    "=": {
      "precision": 0.3507853403141361,
      "recall": 0.22333333333333333,
      "f1-score": 0.2729124236252546,
      "support": 300.0
    },
    "(": {
      "precision": 0.8980263157894737,
      "recall": 0.91,
      "f1-score": 0.9039735099337748,
      "support": 300.0
    },
    ")": {
      "precision": 0.9815668202764977,
      "recall": 0.71,
      "f1-score": 0.8239845261121856,
      "support": 300.0
    },
    "accuracy": 0.6034960562779791,
    "macro avg": {
      "precision": 0.6868430404810969,
      "recall": 0.6352152819890843,
      "f1-score": 0.5577887695072864,
      "support": 4691.0
    },
    "weighted avg": {
      "precision": 0.7155247390053708,
      "recall": 0.6034960562779791,
      "f1-score": 0.5659016387269652,
      "support": 4691.0
    }
  },
  "history": [
    {
      "epoch": 1,
      "train_loss": 2.2642992956731085,
      "train_acc": 0.30074248504217027,
      "test_loss": 2.1986189011545534,
      "test_acc": 0.2651886591345129
    },
    {
      "epoch": 2,
      "train_loss": 1.8876972598590938,
      "train_acc": 0.43362087608429245,
      "test_loss": 2.483184962403772,
      "test_acc": 0.2867192496269452
    },
    {
      "epoch": 3,
      "train_loss": 1.6985696678987496,
      "train_acc": 0.49900281135113056,
      "test_loss": 2.13059038364717,
      "test_acc": 0.29737795779151566
    },
    {
      "epoch": 4,
      "train_loss": 1.5435291118600285,
      "train_acc": 0.5493908739217147,
      "test_loss": 1.4738694141285171,
      "test_acc": 0.5043700703474738
    },
    {
      "epoch": 5,
      "train_loss": 1.4246006446755837,
      "train_acc": 0.584352548237499,
      "test_loss": 3.3486727561251337,
      "test_acc": 0.20933702835216372
    },
    {
      "epoch": 6,
      "train_loss": 1.3372926104059304,
      "train_acc": 0.6110964269409136,
      "test_loss": 1.6955031911874092,
      "test_acc": 0.4630142826689405
    },
    {
      "epoch": 7,
      "train_loss": 1.2685789445466475,
      "train_acc": 0.6284931638513107,
      "test_loss": 1.868308325174444,
      "test_acc": 0.4694095075676828
    },
    {
      "epoch": 8,
      "train_loss": 1.2187105835316219,
      "train_acc": 0.6434149506211404,
      "test_loss": 2.581348576847614,
      "test_acc": 0.3822212747814965
    },
    {
      "epoch": 9,
      "train_loss": 1.1702712304509006,
      "train_acc": 0.656390417377514,
      "test_loss": 1.5175886883763101,
      "test_acc": 0.5615007461095716
    },
    {
      "epoch": 10,
      "train_loss": 1.127523051250742,
      "train_acc": 0.6697743710502919,
      "test_loss": 1.6959551907988455,
      "test_acc": 0.4619484118524835
    },
    {
      "epoch": 11,
      "train_loss": 1.08953580328522,
      "train_acc": 0.6759737607227816,
      "test_loss": 2.1298746619491884,
      "test_acc": 0.4721807716904711
    },
    {
      "epoch": 12,
      "train_loss": 1.0610123229031951,
      "train_acc": 0.6874354230242449,
      "test_loss": 2.4290866595650247,
      "test_acc": 0.4014069494777233
    },
    {
      "epoch": 13,
      "train_loss": 1.0320325857982804,
      "train_acc": 0.6951245885095033,
      "test_loss": 2.0350591520583974,
      "test_acc": 0.4864634406309955
    },
    {
      "epoch": 14,
      "train_loss": 1.02274009568552,
      "train_acc": 0.6944277578874017,
      "test_loss": 1.3298518662766794,
      "test_acc": 0.6034960562779791
    },
    {
      "epoch": 15,
      "train_loss": 1.0011662587297527,
      "train_acc": 0.7015642646034073,
      "test_loss": 1.6544086671833595,
      "test_acc": 0.5602217011298231
    }
  ]
}